{"file_hashes":[{"block_hashes":["AgMxJZ8VssaeKx5dZbeG9n/WH40RsPzeT6X0O/A5FTo="],"block_size":4096,"path":"a.js"},{"block_hashes":["dgPmFNyB0Aqs314/fH7fbPbggZhsaC/7Dos3XuJaULc=","KjZquVehHYp2We1yK+Ou1Q7oL0nUAqlQKyQ+x0Aql14=","aRin0XHgYNZ9acqmxjFYe5hHIRMu/n2jyKqwqOyxyMs=","Sbv0cEfktgsBimIkjQ0wbiE3XnJFvZUbebdovbHoMqg="],"block_size":4096,"path":"aes.js"},{"block_hashes":["q19JcREw3tWQBcS30MFl3rBiLMMA6A7Z1Fum/f/h1y8="],"block_size":4096,"path":"b.js"},{"block_hashes":["AJ8IjGflPeWcUdejf+MTB4dsIR31kKmgohAAZjw01nA="],"block_size":4096,"path":"background.html"},{"block_hashes":["XfCRUv0A1/l96ozAnVnoV2JB1EBl+EOJdlwluI6OJpE=","8bJiRqWU3DyqpaB9NhwvF+hL6maNsuzQpzIujC4qJPk=","TysZI1JObzXJE5ntOR1bu0LLfGiA0o3/Cjtiv25NuyE=","nswkxS/+dmTti6ieu5scIjALv8C7oP86/1zPJMSSjUQ=","HikPocK6YbdTjnuLQp7b1ZVFfvGVByk81q36Wgc8cQY="],"block_size":4096,"path":"background.js"},{"block_hashes":["0yYeLLjb3l+98GU3hqLCpY7v+zXHdtYyFipa4d8rSb4="],"block_size":4096,"path":"c.js"},{"block_hashes":["G2nf1WjVzdXMuYzZAJ4PeaohZhsXyn7ODLUdcqNoIdk="],"block_size":4096,"path":"d.js"},{"block_hashes":["CAd2FE8sUQuyeO2L1a6Q1qTAefr14tT2lvO+YkrKzEs="],"block_size":4096,"path":"e.js"},{"block_hashes":["8kuj+cSJ/k9WPq54WVvaBRr/3zKAU2wh0L+RVEX6a1I="],"block_size":4096,"path":"f.js"},{"block_hashes":["A2IUvOsvsT90uA1YzVLw2n8BLQC22b4LblmHjWL6cfw="],"block_size":4096,"path":"g.js"},{"block_hashes":["hrRBA0NPLQF3oghKK9S0gyXWTFSps7iFyzaRKwH2Q+U="],"block_size":4096,"path":"h.js"},{"block_hashes":["LrCFOMfUhBwWQWSBOLmYFaLHmzbGY35ZqUctHMRjXTQ="],"block_size":4096,"path":"i.js"},{"block_hashes":["m0whltNCJ3NzKqAE1NzxN+0KogPpCTzhotFVWvBm3l8="],"block_size":4096,"path":"j.js"},{"block_hashes":["9d94Jbh40XLSfB9U0btMP2EhkpqFPH5/R4F0ADnR8as="],"block_size":4096,"path":"k.js"},{"block_hashes":["YCydKPqgiY0q+ms43ZWfmWbCB+UzQ7qlDFJfxI4Stlw="],"block_size":4096,"path":"m.js"},{"block_hashes":["KUCnSisIjd0SVtAvrJfukraH9lBvv3DeEXkVdtpHpF4="],"block_size":4096,"path":"n.js"},{"block_hashes":["wF5TEmiZT3drbFPOd+T/BRdUJ/nyJZfdGjr6WUEHv9Q="],"block_size":4096,"path":"o.js"},{"block_hashes":["z7ECU0PIrLqLG0n1aI3/R3NG1GD9Q9MoovI0L9Whbuk="],"block_size":4096,"path":"p.js"},{"block_hashes":["PTTV3kSPoEeIZ42EXcXbbAATfK/cHA7hsQIcE7Y8w3E="],"block_size":4096,"path":"q.js"},{"block_hashes":["/L+x/DCrbsKHIwnZjiUtf29G9VCiaeMk7dROnZRqaAQ="],"block_size":4096,"path":"r.js"}],"version":2}